model,resolution,brightness_factor,parameters,parameters_millions,macs,macs_millions,estimated_flops,estimated_flops_millions,thop_version
EfficientNet-B0,50,0.7,4015234,4.015234,30571008,30.571008,61142016,61.142016,2.1.6
EfficientNet-B0,50,1.0,4015234,4.015234,30571008,30.571008,61142016,61.142016,2.1.6
EfficientNet-B0,50,1.15,4015234,4.015234,30571008,30.571008,61142016,61.142016,2.1.6
EfficientNet-B0,100,0.7,4015234,4.015234,107223936,107.223936,214447872,214.447872,2.1.6
MobileNetV3-Small,50,0.7,1524006,1.524006,5448936,5.448936,10897872,10.897872,2.1.6
MobileNetV3-Small,50,1.0,1524006,1.524006,5448936,5.448936,10897872,10.897872,2.1.6
MobileNetV3-Small,50,1.15,1524006,1.524006,5448936,5.448936,10897872,10.897872,2.1.6
MobileNetV3-Small,100,0.7,1524006,1.524006,16558056,16.558056,33116112,33.116112,2.1.6
MobileNetV3-Small,100,1.0,1524006,1.524006,16558056,16.558056,33116112,33.116112,2.1.6
MobileNetV3-Small,100,1.15,1524006,1.524006,16558056,16.558056,33116112,33.116112,2.1.6
MobileNetV3-Small,200,0.7,1524006,1.524006,54158184,54.158184,108316368,108.316368,2.1.6
MobileNetV3-Small,200,1.0,1524006,1.524006,54158184,54.158184,108316368,108.316368,2.1.6
MobileNetV3-Small,200,1.15,1524006,1.524006,54158184,54.158184,108316368,108.316368,2.1.6
