model,resolution,brightness_factor,accuracy,accuracy,macro_precision,macro_precision,macro_recall,macro_recall,macro_f1,macro_f1,inference_mean_ms,inference_mean_ms,inference_fps,inference_fps,training_time_minutes,training_time_minutes,epochs_executed,epochs_executed,best_val_macro_f1,best_val_macro_f1
,,,mean,std,mean,std,mean,std,mean,std,mean,std,mean,std,mean,std,mean,std,mean,std
EfficientNet-B0,50,0.7,0.9824074074074073,0.008018753738744822,0.9827690922871598,0.007709526584977889,0.9824074074074075,0.008018753738744782,0.9824082876440152,0.0079976573972971,37.849640663868435,7.137143782665392,27.139745021752432,5.724732389578938,10.574073368334211,1.4306226003190556,15.666666666666666,2.516611478423583,0.9962952672038531,0.0032083927156967124
MobileNetV3-Small,50,0.7,0.9462962962962962,0.008929306260178646,0.9484950670710898,0.007889419627410325,0.9462962962962962,0.008929306260178488,0.9459828905149665,0.009130408440584402,8.166144999777316,0.5420380918859676,122.8319075918639,8.476851124242826,4.988832487222195,0.6682470199780611,28.0,1.0,0.9777694883751874,0.005565677267468176
MobileNetV3-Small,50,1.0,0.9490740740740741,0.006990587440065565,0.9510272105041228,0.008052364696564373,0.9490740740740741,0.006990587440065381,0.9489050247478698,0.007011506791304855,8.188706666599805,0.14395459173662659,122.14450016703147,2.141222567511387,3.9877971194444797,0.9767820969711388,26.333333333333332,6.658328118479393,0.9797669357396996,0.011394388581049046
MobileNetV3-Small,50,1.15,0.9555555555555556,0.007349309197401688,0.9565707381811753,0.007352846000457201,0.9555555555555556,0.007349309197401541,0.9554126709010218,0.0074291322290516,8.38104766504936,1.3403701090914288,121.34954871959496,19.14399264233847,9.292546309999993,7.4261580981927535,31.0,1.0,0.981505661719777,0.0031522489265233588
MobileNetV3-Small,100,0.7,0.9833333333333334,0.0027777777777777957,0.9846153846153847,0.002688243029060787,0.9833333333333334,0.002777777777777768,0.9832988410212802,0.0027844832444600927,11.079207670409232,2.625016623574177,93.35527908524614,19.623442172370343,5.699792977778189,1.5462999072557377,18.0,3.605551275463989,0.9981476336019265,0.0032083927156966803
MobileNetV3-Small,100,1.0,0.9712962962962962,0.006990587440065499,0.9738464367619963,0.005943401297723217,0.9712962962962962,0.006990587440065561,0.971209782272688,0.007135892490953438,17.345261334558018,0.578167520678053,57.69618900180516,1.9600273479425203,5.782178039444261,1.414090916418493,14.0,3.605551275463989,0.9944429008057795,0.0055570991942206355
MobileNetV3-Small,100,1.15,0.9777777777777777,0.002777777777777768,0.9788450879468639,0.0030471164339402907,0.9777777777777779,0.00277777777777774,0.9777228003816664,0.002646850837292712,9.621117664889121,0.18583467089428307,103.96396249763497,2.014133321093599,3.9285993288885543,0.2345456644637959,14.666666666666666,1.5275252316519468,0.9962952672038531,0.0032083927156967124
MobileNetV3-Small,200,0.7,0.9861111111111112,0.007349309197401641,0.9870574870761514,0.005964374369380067,0.9861111111111112,0.007349309197401614,0.9861880340209505,0.0072168766996000755,13.992535334352093,0.27185109086641135,71.48446739634039,1.3735618763960766,7.739936863333504,2.1092945266086676,11.333333333333334,2.516611478423583,0.9981476336019265,0.0032083927156966482
MobileNetV3-Small,200,1.0,0.9935185185185186,0.006990587440065483,0.9936835301721606,0.006782716180226636,0.9935185185185186,0.006990587440065483,0.9935012680806596,0.007017785511925348,17.745140668897267,5.630476588076869,59.752524690653665,16.078879859853288,8.840369252221878,2.523045046257559,14.0,4.0,1.0,0.0
MobileNetV3-Small,200,1.15,0.9898148148148148,0.0069905874400655104,0.9900969224871922,0.00673325911615816,0.9898148148148148,0.006990587440065499,0.9897954787056564,0.007016621614943611,19.092167331837118,8.766287261122107,59.04394658871988,21.89903942188699,7.587321951111274,1.9844234052841252,11.0,2.6457513110645907,1.0,0.0
