model,resolution,brightness_factor,n_seeds,accuracy_mean,accuracy_std,macro_precision_mean,macro_precision_std,macro_recall_mean,macro_recall_std,macro_f1_mean,macro_f1_std,inference_mean_ms_mean,inference_mean_ms_std,inference_fps_mean,inference_fps_std,training_time_minutes_mean,training_time_minutes_std,parameters_millions,macs_millions,estimated_flops_millions,thop_version
EfficientNet-B0,50,0.7,3,0.9824074074074075,0.008018753738744838,0.9827690922871598,0.007709526584977891,0.9824074074074075,0.008018753738744774,0.9824082876440152,0.007997657397297107,37.849640663868435,7.137143782665393,27.139745021752432,5.724732389578938,10.574073368334211,1.4306226003190556,4.015234,30.571008,61.142016,2.1.6
EfficientNet-B0,50,1.0,3,0.9833333333333334,0.0027777777777778234,0.9835527145806733,0.002724046387524598,0.9833333333333334,0.002777777777777768,0.9833381066388932,0.0027667428011595666,43.39396033335106,1.5768447726149066,23.065078743097207,0.8421542679772204,11.246767091111108,3.0961241691916856,4.015234,30.571008,61.142016,2.1.6
EfficientNet-B0,50,1.15,3,0.9805555555555556,0.007349309197401657,0.9810448297328614,0.0067892722936478645,0.9805555555555556,0.007349309197401615,0.9805359548876638,0.007357316524979943,46.75707900000513,6.237189271929531,21.644728816803994,2.9051820116919718,11.56928858277778,0.6070576840974163,4.015234,30.571008,61.142016,2.1.6
EfficientNet-B0,100,0.7,3,0.9907407407407408,0.0016037507477489547,0.9909934694836863,0.001595884693690562,0.9907407407407408,0.0016037507477489547,0.9907696933794489,0.001610478548759239,29.767968665964872,5.178437696028831,34.35314203186399,6.5608317626312935,9.87145316833331,2.8856342056613156,4.015234,107.223936,214.447872,2.1.6
EfficientNet-B0,100,1.0,3,0.987962962962963,0.0016037507477489547,0.9883218755508549,0.0015265739534362766,0.987962962962963,0.0016037507477489547,0.9879661409862163,0.0015908252696097101,43.96027566777775,21.140713808290773,25.882420231291675,9.79060855070025,8.71752945888891,2.0052977697666585,4.015234,107.223936,214.447872,2.1.6
EfficientNet-B0,100,1.15,3,0.9888888888888889,0.002777777777777768,0.989125923972073,0.0028258423271030333,0.9888888888888889,0.002777777777777768,0.9888940322066792,0.0028012788157287328,30.804103665286675,1.5950407768347785,32.52226808162107,1.7114664725474935,8.057320307777909,1.9799395861424502,4.015234,107.223936,214.447872,2.1.6
EfficientNet-B0,200,0.7,3,0.9925925925925926,0.001603750747748955,0.9929168800136542,0.0014781112882478764,0.9925925925925926,0.001603750747748955,0.9925886036526527,0.0016058684407729666,55.06679066553867,10.907207238106254,18.59859215604565,3.325421020140041,18.310277211666754,0.22034807506962759,4.015234,365.444448,730.888896,2.1.6
EfficientNet-B0,200,1.0,3,0.9916666666666667,0.002777777777777768,0.9920901604369347,0.0025202671149794514,0.9916666666666667,0.002777777777777768,0.9916846490994177,0.0027467281416154077,53.15495699993335,4.783377093289048,18.91061025719682,1.6288948276964161,17.877394350000152,0.6323160760261799,4.015234,365.444448,730.888896,2.1.6
EfficientNet-B0,200,1.15,3,0.9898148148148148,0.00320750149549791,0.9899905424883628,0.0032896265885456206,0.9898148148148148,0.00320750149549791,0.9898044542249401,0.0032204328198981733,54.70194700057618,2.793255897355516,18.313450971449758,0.9568130555387152,16.771260097221884,1.805607167880612,4.015234,365.444448,730.888896,2.1.6
MobileNetV3-Small,50,0.7,3,0.9462962962962962,0.00892930626017863,0.9484950670710898,0.007889419627410339,0.9462962962962962,0.008929306260178503,0.9459828905149666,0.009130408440584365,8.166144999777316,0.5420380918859676,122.8319075918639,8.476851124242826,4.988832487222196,0.6682470199780609,1.524006,5.448936,10.897872,2.1.6
MobileNetV3-Small,50,1.0,3,0.9490740740740741,0.006990587440065536,0.9510272105041228,0.008052364696564375,0.9490740740740741,0.006990587440065381,0.9489050247478698,0.007011506791304826,8.188706666599805,0.14395459173662684,122.14450016703144,2.1412225675113876,3.98779711944448,0.976782096971139,1.524006,5.448936,10.897872,2.1.6
MobileNetV3-Small,50,1.15,3,0.9555555555555556,0.0073493091974016775,0.9565707381811753,0.00735284600045721,0.9555555555555556,0.007349309197401531,0.9554126709010218,0.0074291322290516,8.38104766504936,1.340370109091429,121.34954871959496,19.14399264233847,9.292546309999993,7.426158098192754,1.524006,5.448936,10.897872,2.1.6
MobileNetV3-Small,100,0.7,3,0.9833333333333334,0.0027777777777778234,0.9846153846153847,0.002688243029060817,0.9833333333333334,0.002777777777777768,0.9832988410212802,0.0027844832444600923,11.079207670409232,2.625016623574177,93.35527908524614,19.623442172370343,5.699792977778189,1.546299907255738,1.524006,16.558056,33.116112,2.1.6
MobileNetV3-Small,100,1.0,3,0.9712962962962962,0.006990587440065484,0.9738464367619963,0.005943401297723232,0.9712962962962964,0.006990587440065536,0.971209782272688,0.007135892490953453,17.345261334558018,0.5781675206780531,57.69618900180516,1.9600273479425185,5.782178039444261,1.414090916418493,1.524006,16.558056,33.116112,2.1.6
MobileNetV3-Small,100,1.15,3,0.9777777777777777,0.002777777777777768,0.9788450879468639,0.003047116433940291,0.9777777777777779,0.0027777777777777124,0.9777228003816664,0.002646850837292712,9.621117664889121,0.18583467089428332,103.96396249763497,2.014133321093597,3.9285993288885543,0.23454566446379582,1.524006,16.558056,33.116112,2.1.6
MobileNetV3-Small,200,0.7,3,0.9861111111111112,0.0073493091974016775,0.9870574870761514,0.005964374369380037,0.9861111111111112,0.007349309197401615,0.9861880340209505,0.007216876699600076,13.992535334352093,0.27185109086641146,71.48446739634039,1.3735618763960715,7.739936863333504,2.1092945266086676,1.524006,54.158184,108.316368,2.1.6
MobileNetV3-Small,200,1.0,3,0.9935185185185186,0.0069905874400654835,0.9936835301721606,0.006782716180226658,0.9935185185185186,0.0069905874400654835,0.9935012680806596,0.0070177855119253245,17.745140668897267,5.630476588076868,59.75252469065365,16.07887985985329,8.840369252221878,2.5230450462575584,1.524006,54.158184,108.316368,2.1.6
MobileNetV3-Small,200,1.15,3,0.9898148148148148,0.006990587440065536,0.9900969224871922,0.00673325911615812,0.9898148148148148,0.0069905874400654835,0.9897954787056564,0.007016621614943611,19.092167331837118,8.766287261122107,59.04394658871988,21.89903942188699,7.587321951111274,1.9844234052841254,1.524006,54.158184,108.316368,2.1.6
ShuffleNetV2 1.0x,50,0.7,3,0.9759259259259259,0.0069905874400654835,0.9766679193716751,0.007031826861635437,0.975925925925926,0.006990587440065491,0.975832355091447,0.0070181643471620685,15.036738335426586,3.398605906542453,68.6927097988313,14.61757533547258,2.5043302366665254,0.07561205403653486,1.259754,11.289772,22.579544,2.1.6
ShuffleNetV2 1.0x,50,1.0,3,0.9814814814814814,0.001603750747748955,0.9823228951248796,0.0015786441789293563,0.9814814814814815,0.001603750747748955,0.981468317778305,0.0016061269808213474,10.862850665968532,0.44929636624062613,92.15963150794887,3.7269709266690887,2.7923242277782676,0.5152326490346704,1.259754,11.289772,22.579544,2.1.6
ShuffleNetV2 1.0x,50,1.15,3,0.9888888888888889,0.00833333333333336,0.9891689366593175,0.008071315500687182,0.9888888888888889,0.008333333333333304,0.9888694510128263,0.008337427833025306,13.53352899682553,1.9011707604487207,74.82140613915371,9.95576495507364,4.1513901400001485,1.0911279621030714,1.259754,11.289772,22.579544,2.1.6
ShuffleNetV2 1.0x,100,0.7,3,0.9851851851851853,0.005782405554072632,0.9857346205200835,0.005538349195999609,0.9851851851851853,0.00578240555407257,0.985208381804198,0.005783841812792943,14.724674999015406,0.5192011232240354,67.96848492010135,2.351308124676944,3.100771600555486,0.030467981446739432,1.259754,39.502984,79.005968,2.1.6
ShuffleNetV2 1.0x,100,1.0,3,0.9907407407407408,0.0042431256434776144,0.9909214211567464,0.004126317528973943,0.9907407407407408,0.0042431256434776144,0.9907387948636409,0.004245167290519684,13.515436999344578,0.5875513769709286,74.0837727367164,3.2547740029067476,3.0339056455552864,0.03864258170198656,1.259754,39.502984,79.005968,2.1.6
ShuffleNetV2 1.0x,100,1.15,3,0.9925925925925926,0.00578240555407257,0.9927727833597744,0.0056524479974701105,0.9925925925925926,0.00578240555407257,0.9925907110203699,0.005784271475587346,15.02860400166052,0.31562041087226334,66.55934143292505,1.3972793446809493,3.3359784183331715,0.18049209023712565,1.259754,39.502984,79.005968,2.1.6
ShuffleNetV2 1.0x,200,0.7,3,0.9944444444444445,0.004811252243246865,0.9947089947089948,0.004582144993568442,0.9944444444444445,0.004811252243246865,0.9944409700507263,0.004814261156469647,26.207258999929763,7.934024828346263,40.30065075363642,10.665159765697712,6.648571329444207,0.27019851235531733,1.259754,133.904152,267.808304,2.1.6
ShuffleNetV2 1.0x,200,1.0,3,0.9953703703703703,0.0042431256434776144,0.9955623826591569,0.004050672226081509,0.9953703703703703,0.0042431256434776144,0.9953681186272897,0.004245568733980088,23.713547332057107,3.6370203330725897,42.79207318681915,6.089065931054763,6.506012274999779,0.39957990140771,1.259754,133.904152,267.808304,2.1.6
ShuffleNetV2 1.0x,200,1.15,3,0.9944444444444445,0.002777777777777768,0.9945648980551148,0.0027327142497757797,0.9944444444444445,0.002777777777777768,0.9944434764943434,0.0027782650136990972,23.80632599912739,1.3015298616215418,42.09067661701334,2.3340097837465894,7.4585717133333675,0.9974967156503225,1.259754,133.904152,267.808304,2.1.6
