run_id,model,resolution,brightness_factor,training_seed,split_seed,best_epoch,best_val_macro_f1,epochs_executed,training_time_minutes,total_run_time_minutes,accuracy,macro_precision,macro_recall,macro_f1,parameters,parameters_millions,macs,macs_millions,estimated_flops,estimated_flops_millions,thop_version,inference_mean_ms,inference_std_ms,inference_min_ms,inference_max_ms,inference_fps
EfficientNet-B0__res50__light0p7__seed42,EfficientNet-B0,50,0.7,42,42,13,1.0,18,11.85789423333481,12.044455455001055,0.9777777777777777,0.9780342355703868,0.9777777777777779,0.9778186842024019,4015234,4.015234,30571008,30.571008,61142016,61.142016,2.1.6,41.31846300093457,2.2433077391028355,39.10960000939667,50.248200073838234,24.202255538338424
EfficientNet-B0__res50__light0p7__seed123,EfficientNet-B0,50,0.7,123,42,11,0.9944429008057795,16,10.832459561666473,11.019391724998908,0.9916666666666667,0.9916651230280017,0.9916666666666667,0.9916431310816338,4015234,4.015234,30571008,30.571008,61142016,61.142016,2.1.6,42.58935299352743,3.2026117414470074,39.79479998815805,61.70109997037798,23.48004676549034
EfficientNet-B0__res50__light0p7__seed2026,EfficientNet-B0,50,0.7,2026,42,8,0.9944429008057795,13,9.031866310001352,9.212869264998396,0.9777777777777777,0.9786079182630907,0.9777777777777779,0.97776304764801,4015234,4.015234,30571008,30.571008,61142016,61.142016,2.1.6,29.641105997143313,13.994484901956277,10.98330004606396,55.78830000013113,33.736932761428534
MobileNetV3-Small__res50__light0p7__seed42,MobileNetV3-Small,50,0.7,42,42,24,0.9833317896946684,29,5.649872945,5.729446459999963,0.9527777777777777,0.9545661904051551,0.9527777777777776,0.952721892856056,1524006,1.524006,5448936,5.448936,10897872,10.897872,2.1.6,7.540522999988752,1.7241123289967255,3.9569000000483356,10.328299998946022,132.61679594392746
MobileNetV3-Small__res50__light0p7__seed123,MobileNetV3-Small,50,0.7,123,42,22,0.9777762341391126,27,4.313604824999978,4.371118368333312,0.95,0.9513416001120919,0.9499999999999998,0.9496350518168701,1524006,1.524006,5448936,5.448936,10897872,10.897872,2.1.6,8.494865999382455,1.444433219511529,5.414699997345451,10.66779999382561,117.71816060108497
MobileNetV3-Small__res50__light0p7__seed2026,MobileNetV3-Small,50,0.7,2026,42,23,0.9722004412917814,28,5.003019691666608,5.061460066666768,0.9361111111111111,0.9395774106960221,0.9361111111111112,0.9355917268719737,1524006,1.524006,5448936,5.448936,10897872,10.897872,2.1.6,8.463045999960741,1.8482726971512076,4.717499999969732,11.35690000228351,118.16076623057926
MobileNetV3-Small__res50__light1p0__seed42,MobileNetV3-Small,50,1.0,42,42,14,0.9669936848702982,19,2.9089726283333825,2.962034994999946,0.9416666666666667,0.9418094690582288,0.9416666666666668,0.9414922860362251,1524006,1.524006,5448936,5.448936,10897872,10.897872,2.1.6,8.172333000256913,1.4933985989136322,4.844400005822536,10.8948999986751,122.36407889504297
MobileNetV3-Small__res50__light1p0__seed123,MobileNetV3-Small,50,1.0,123,42,27,0.9834213207372419,32,4.812177000000035,4.866250193333326,0.9555555555555556,0.9566922579092414,0.9555555555555554,0.9554309164176981,1524006,1.524006,5448936,5.448936,10897872,10.897872,2.1.6,8.053638999772375,1.4020193006674087,4.58220000291476,10.375099998782389,124.16747262054628
MobileNetV3-Small__res50__light1p0__seed2026,MobileNetV3-Small,50,1.0,2026,42,23,0.9888858016115588,28,4.242241730000023,4.297459713333228,0.95,0.954579904544898,0.9500000000000001,0.949791871789686,1524006,1.524006,5448936,5.448936,10897872,10.897872,2.1.6,8.340147999770124,1.346890266236804,4.162899997027125,10.02629999857163,119.90194898550511
MobileNetV3-Small__res50__light1p15__seed42,MobileNetV3-Small,50,1.15,42,42,27,0.9778657651816863,32,5.1261706700000405,5.183644836666766,0.9583333333333334,0.9591670034605572,0.9583333333333334,0.9582687469757993,1524006,1.524006,5448936,5.448936,10897872,10.897872,2.1.6,8.234020000018063,1.663736522823458,5.025700003898237,13.678900002560113,121.44736107002488
MobileNetV3-Small__res50__light1p15__seed123,MobileNetV3-Small,50,1.15,123,42,26,0.9833317896946684,31,4.885063161666646,4.94589443833332,0.9472222222222222,0.9482719699092188,0.9472222222222223,0.946979340024069,1524006,1.524006,5448936,5.448936,10897872,10.897872,2.1.6,9.788869999611052,2.562710598054635,5.274900002405047,17.96969999850262,102.15683731010155
MobileNetV3-Small__res50__light1p15__seed2026,MobileNetV3-Small,50,1.15,2026,42,25,0.9833194302829763,30,17.866405098333296,17.931603938333378,0.9611111111111111,0.96227324117375,0.9611111111111109,0.9609899257031969,1524006,1.524006,5448936,5.448936,10897872,10.897872,2.1.6,7.1202529955189675,1.4501023206749892,4.416299983859062,9.692499996162951,140.44444777865846
MobileNetV3-Small__res100__light0p7__seed42,MobileNetV3-Small,100,0.7,42,42,16,1.0,21,6.4786996700005455,6.544227741667418,0.9805555555555555,0.9818181818181818,0.9805555555555556,0.9805180043031706,1524006,1.524006,16558056,16.558056,33116112,33.116112,2.1.6,9.303491004393436,1.5524195021926275,6.160599994473159,13.142700016032904,107.48653376756798
MobileNetV3-Small__res100__light0p7__seed123,MobileNetV3-Small,100,0.7,123,42,14,1.0,19,6.701749591667127,6.771625315000225,0.9861111111111112,0.9871794871794872,0.9861111111111112,0.986086956521739,1524006,1.524006,16558056,16.558056,33116112,33.116112,2.1.6,9.839665003237315,1.522349837770331,5.676200031302869,15.140400035306811,101.62947617332433
MobileNetV3-Small__res100__light0p7__seed2026,MobileNetV3-Small,100,0.7,2026,42,9,0.9944429008057795,14,3.9189296716668953,4.00408270166663,0.9833333333333333,0.9848484848484849,0.9833333333333334,0.9832915622389308,1524006,1.524006,16558056,16.558056,33116112,33.116112,2.1.6,14.094467003596947,3.1185413423546615,9.478200052399188,24.186800001189113,70.94982731484612
MobileNetV3-Small__res100__light1p0__seed42,MobileNetV3-Small,100,1.0,42,42,13,1.0,18,7.398461498333685,7.527395655000388,0.9777777777777777,0.9787674313990103,0.9777777777777779,0.9778702979380945,1524006,1.524006,16558056,16.558056,33116112,33.116112,2.1.6,17.635445001069456,3.2377036129132866,11.826400004792958,29.386500013060868,56.703984500496446
MobileNetV3-Small__res100__light1p0__seed123,MobileNetV3-Small,100,1.0,123,42,8,0.9944429008057795,13,5.174969023333203,5.289214936666152,0.9722222222222222,0.9755286291280588,0.9722222222222222,0.9720806088173332,1524006,1.524006,16558056,16.558056,33116112,33.116112,2.1.6,17.720864000730217,2.6152843622329613,12.164800020400435,25.798899994697422,56.43065710333274
MobileNetV3-Small__res100__light1p0__seed2026,MobileNetV3-Small,100,1.0,2026,42,6,0.9888858016115588,11,4.773103596665896,4.868604479999825,0.9638888888888889,0.96724324975892,0.9638888888888889,0.9636784400626363,1524006,1.524006,16558056,16.558056,33116112,33.116112,2.1.6,16.67947500187438,7.388910354536752,9.784900001250207,75.5990999750793,59.9539254015863
MobileNetV3-Small__res100__light1p15__seed42,MobileNetV3-Small,100,1.15,42,42,10,1.0,15,4.0945819066662805,4.159513093333226,0.9805555555555555,0.9821162444113264,0.9805555555555555,0.9803615978193614,1524006,1.524006,16558056,16.558056,33116112,33.116112,2.1.6,9.639412996475585,1.466009317433252,5.77980000525713,12.03959999838844,103.74075686617282
MobileNetV3-Small__res100__light1p15__seed123,MobileNetV3-Small,100,1.15,123,42,8,0.9944429008057795,13,3.6602731899998617,3.7269858599999375,0.975,0.976087204007286,0.9750000000000001,0.9750679689924877,1524006,1.524006,16558056,16.558056,33116112,33.116112,2.1.6,9.797128000645898,1.50444263652326,6.1160000041127205,13.175700034480542,102.07072929271443
MobileNetV3-Small__res100__light1p15__seed2026,MobileNetV3-Small,100,1.15,2026,42,11,0.9944429008057795,16,4.030942889999521,4.096964833333429,0.9777777777777777,0.9783318154219792,0.9777777777777779,0.9777388343331502,1524006,1.524006,16558056,16.558056,33116112,33.116112,2.1.6,9.426811997545883,1.5700221156847374,6.180800031870604,11.762899986933917,106.08040133401767
MobileNetV3-Small__res200__light0p7__seed42,MobileNetV3-Small,200,0.7,42,42,4,0.9944429008057795,9,6.320827073333203,6.419552405000044,0.9777777777777777,0.9803921568627452,0.9777777777777779,0.9780102830605927,1524006,1.524006,54158184,54.158184,108316368,108.316368,2.1.6,14.306118002277799,1.4773607208324007,10.930499993264675,17.77929998934269,69.90016438007721
MobileNetV3-Small__res200__light0p7__seed123,MobileNetV3-Small,200,0.7,123,42,6,1.0,11,6.735222540000298,6.82968460333359,0.9916666666666667,0.99189141547682,0.9916666666666667,0.9916649301133701,1524006,1.524006,54158184,54.158184,108316368,108.316368,2.1.6,13.848090999526903,1.6488253499922385,9.685900004114956,17.160199990030378,72.21211934801434
MobileNetV3-Small__res200__light0p7__seed2026,MobileNetV3-Small,200,0.7,2026,42,9,1.0,14,10.163760976667012,10.264081786667036,0.9888888888888889,0.9888888888888889,0.9888888888888889,0.9888888888888889,1524006,1.524006,54158184,54.158184,108316368,108.316368,2.1.6,13.823397001251578,1.7881645560028898,10.300399968400598,17.0771999983117,72.34111846092964
MobileNetV3-Small__res200__light1p0__seed42,MobileNetV3-Small,200,1.0,42,42,13,1.0,18,10.516111058333385,10.607136659999378,1.0,1.0,1.0,1.0,1524006,1.524006,54158184,54.158184,108316368,108.316368,2.1.6,14.201659003156237,1.9937204760397589,9.78310004575178,23.273499973583966,70.41430862251768
MobileNetV3-Small__res200__light1p0__seed123,MobileNetV3-Small,200,1.0,123,42,5,1.0,10,5.938600736666316,6.0303694450005425,0.9861111111111112,0.9865150713907985,0.9861111111111112,0.9860597456267971,1524006,1.524006,54158184,54.158184,108316368,108.316368,2.1.6,14.796175000374205,2.1491298034199287,8.726400032173842,22.478200029581785,67.58503464406911
MobileNetV3-Small__res200__light1p0__seed2026,MobileNetV3-Small,200,1.0,2026,42,9,1.0,14,10.066395961665936,10.18305011500003,0.9944444444444445,0.9945355191256832,0.9944444444444445,0.9944440586151817,1524006,1.524006,54158184,54.158184,108316368,108.316368,2.1.6,24.237588003161363,5.271862763521179,17.290599993430078,47.58319997927174,41.25823080537419
MobileNetV3-Small__res200__light1p15__seed42,MobileNetV3-Small,200,1.15,42,42,4,1.0,9,6.588948485000098,6.683101840000018,0.9833333333333333,0.9839093701996928,0.9833333333333334,0.9832772544737861,1524006,1.524006,54158184,54.158184,108316368,108.316368,2.1.6,14.936184000689536,2.6846987310405686,8.3769999910146,21.39859995804727,66.95150514708673
MobileNetV3-Small__res200__light1p15__seed123,MobileNetV3-Small,200,1.15,123,42,5,1.0,10,6.300346858333796,6.4643543766675675,0.9888888888888889,0.9891136376990423,0.9888888888888889,0.9888871523355923,1524006,1.524006,54158184,54.158184,108316368,108.316368,2.1.6,29.163508999627084,2.948076937949585,26.032300083898008,37.7934001153335,34.2894265574416
MobileNetV3-Small__res200__light1p15__seed2026,MobileNetV3-Small,200,1.15,2026,42,9,1.0,14,9.872670509999928,9.967643725000865,0.9972222222222222,0.9972677595628415,0.9972222222222222,0.9972220293075909,1524006,1.524006,54158184,54.158184,108316368,108.316368,2.1.6,13.176808995194733,2.219005384044537,8.986499975435436,24.997000000439584,75.89090806163132
