epoch,train_loss,train_accuracy,train_macro_precision,train_macro_recall,train_macro_f1,val_loss,val_accuracy,val_macro_precision,val_macro_recall,val_macro_f1,learning_rate,epoch_time_seconds,process_rss_mb
1,1.270722667123705,0.6711675933280381,0.6795393286887599,0.671246297562087,0.6720804349879836,0.757289175192515,0.95,0.9545058883768561,0.9500000000000001,0.9486823912589455,0.0001,64.77165099999547,700.25
2,0.3944168613485347,0.9467831612390787,0.9470420165684826,0.94681780208096,0.9467090456817954,0.14640304694573084,0.9833333333333333,0.9848484848484849,0.9833333333333334,0.9832915622389305,9.990133642141359e-05,68.2385279999944,708.671875
3,0.13206245631239924,0.9737887212073074,0.9738695970965096,0.9737943343206501,0.9737469232995303,0.059647425719433364,0.9888888888888889,0.9895833333333334,0.9888888888888889,0.988876529477197,9.96057350657239e-05,61.55460010000388,701.7578125
4,0.09400941077634585,0.9761715647339158,0.9762501864448985,0.9761752867016025,0.9761666945927828,0.02434515646762318,1.0,1.0,1.0,1.0,9.911436253643444e-05,59.22844720000285,708.859375
5,0.07424160729238588,0.982525814138205,0.9827782523140662,0.9825358851674642,0.9825695100507456,0.015856465552416113,1.0,1.0,1.0,1.0,9.842915805643155e-05,50.44097529999999,701.98046875
6,0.06807819763945624,0.9793486894360603,0.9794002721864877,0.9793536872484241,0.9793453645442732,0.00841120747435424,1.0,1.0,1.0,1.0,9.755282581475769e-05,51.396253799997794,709.03125
7,0.04968875102148442,0.9880857823669579,0.9881213882717281,0.9880914407230197,0.9880970330732578,0.012239317202733623,1.0,1.0,1.0,1.0,9.648882429441257e-05,52.007506800000556,702.265625
8,0.04939676492199053,0.9880857823669579,0.9881573720459222,0.9880876433508012,0.9880872394289195,0.008789784042164683,1.0,1.0,1.0,1.0,9.524135262330098e-05,51.382774300000165,709.01953125
9,0.04754118478137222,0.9896743447180302,0.9897009865836773,0.9896787423103213,0.9896767082902386,0.00922212923049099,1.0,1.0,1.0,1.0,9.381533400219317e-05,52.76985460000287,724.22265625
